Name,ID,CD,Enabled,Text
RC1_F0,3000,,1,RC1_F0
RC1_F1,3001,,1,RC1_F1
RC1_F2,3002,,1,RC1_F2
RC1_F3,3003,,1,RC1_F3
RC1_F4,3004,,1,RC1_F4
RC1_F5,3005,,1,RC1_F5
RC1_F6,3006,,1,RC1_F6
RC1_F7,3007,,1,RC1_F7
RC1_F8,3008,,1,RC1_F8
RC1_F9,3009,,1,RC1_F9
RC1_F10,3010,,1,RC1_F10
RC1_F11,3011,,1,RC1_F11
RC1_F12,3012,,1,RC1_F12
RC1_F13,3013,,1,RC1_F13
RC1_F14,3014,,1,RC1_F14
RC1_F15,3015,,1,RC1_F15
RC1_F16,3016,,1,RC1_F16
RC1_F17,3017,,1,RC1_F17
RC1_F18,3018,,1,RC1_F18
RC1_F19,3019,,1,RC1_F19
RC1_F20,3020,,1,RC1_F20
RC1_F21,3021,,1,RC1_F21
RC1_F22,3022,,1,RC1_F22
RC1_F23,3023,,1,RC1_F23
RC1_F24,3024,,1,RC1_F24
RC1_F25,3025,,1,RC1_F25
RC1_F26,3026,,1,RC1_F26
RC1_F27,3027,,1,RC1_F27
RC1_F28,3028,,1,RC1_F28
RC1_F29,3029,,1,RC1_F29
RC1_F30,3030,,1,RC1_F30
RC1_F31,3031,,1,RC1_F31
RC1_F32,3032,,1,RC1_F32
RC1_F33,3033,,1,RC1_F33
RC1_F34,3034,,1,RC1_F34
RC1_F35,3035,,1,RC1_F35
RC1_F36,3036,,1,RC1_F36
RC1_F37,3037,,1,RC1_F37
RC1_F38,3038,,1,RC1_F38
RC1_F39,3039,,1,RC1_F39
RC1_F40,3040,,1,RC1_F40
RC1_F41,3041,,1,RC1_F41
RC1_F42,3042,,1,RC1_F42
RC1_F43,3043,,1,RC1_F43
RC1_F44,3044,,1,RC1_F44
RC1_F45,3045,,1,RC1_F45
RC1_F46,3046,,1,RC1_F46
RC1_F47,3047,,1,RC1_F47
RC1_F48,3048,,1,RC1_F48
RC1_F49,3049,,1,RC1_F49
RC1_F50,3050,,1,RC1_F50
RC1_F51,3051,,1,RC1_F51
RC1_F52,3052,,1,RC1_F52
RC1_F53,3053,,1,RC1_F53
RC1_F54,3054,,1,RC1_F54
RC1_F55,3055,,1,RC1_F55
RC1_F56,3056,,1,RC1_F56
RC1_F57,3057,,1,RC1_F57
RC1_F58,3058,,1,RC1_F58
RC1_F59,3059,,1,RC1_F59
RC1_F60,3060,,1,RC1_F60
RC1_F61,3061,,1,RC1_F61
RC1_F62,3062,,1,RC1_F62
RC1_F63,3063,,1,RC1_F63
RC1_F64,3064,,1,RC1_F64
RC1_F65,3065,,1,RC1_F65
RC1_F66,3066,,1,RC1_F66
RC1_F67,3067,,1,RC1_F67
RC1_F68,3068,,1,RC1_F68
RC1_F69,3069,,1,RC1_F69
RC1_F70,3070,,1,RC1_F70
RC1_F71,3071,,1,RC1_F71
RC1_F72,3072,,1,RC1_F72
RC1_F73,3073,,1,RC1_F73
RC1_F74,3074,,1,RC1_F74
RC1_F75,3075,,1,RC1_F75
RC1_F76,3076,,1,RC1_F76
RC1_F77,3077,,1,RC1_F77
RC1_F78,3078,,1,RC1_F78
RC1_F79,3079,,1,RC1_F79
RC1_F80,3080,,1,RC1_F80
RC1_F81,3081,,1,RC1_F81
RC1_F82,3082,,1,RC1_F82
RC1_F83,3083,,1,RC1_F83
RC1_F84,3084,,1,RC1_F84
RC1_F85,3085,,1,RC1_F85
RC1_F86,3086,,1,RC1_F86
RC1_F87,3087,,1,RC1_F87
RC1_F88,3088,,1,RC1_F88
RC1_F89,3089,,1,RC1_F89
RC1_F90,3090,,1,RC1_F90
RC1_F91,3091,,1,RC1_F91
RC1_F92,3092,,1,RC1_F92
RC1_F93,3093,,1,RC1_F93
RC1_F94,3094,,1,RC1_F94
RC1_F95,3095,,1,RC1_F95
RC1_F96,3096,,1,RC1_F96
RC1_F97,3097,,1,RC1_F97
RC1_F98,3098,,1,RC1_F98
RC1_F99,3099,,1,RC1_F99
RC1_F100,3100,,1,RC1_F100
RC1_F101,3101,,1,RC1_F101
RC1_F102,3102,,1,RC1_F102
RC1_F103,3103,,1,RC1_F103
RC1_F104,3104,,1,RC1_F104
RC1_F105,3105,,1,RC1_F105
RC1_F106,3106,,1,RC1_F106
RC1_F107,3107,,1,RC1_F107
RC1_F108,3108,,1,RC1_F108
RC1_F109,3109,,1,RC1_F109
RC1_F110,3110,,1,RC1_F110
RC1_F111,3111,,1,RC1_F111
RC1_F112,3112,,1,RC1_F112
RC1_F113,3113,,1,RC1_F113
RC1_F114,3114,,1,RC1_F114
RC1_F115,3115,,1,RC1_F115
RC1_F116,3116,,1,RC1_F116
RC1_F117,3117,,1,RC1_F117
RC1_F118,3118,,1,RC1_F118
RC1_F119,3119,,1,RC1_F119
RC1_F120,3120,,1,RC1_F120
RC1_F121,3121,,1,RC1_F121
RC1_F122,3122,,1,RC1_F122
RC1_F123,3123,,1,RC1_F123
RC1_F124,3124,,1,RC1_F124
RC1_F125,3125,,1,RC1_F125
RC1_F126,3126,,1,RC1_F126
RC1_F128,3127,,1,RC1_F128
RC1_F129,3128,,1,RC1_F129
RC1_F131,3129,,1,RC1_F131
RC1_F132,3130,,1,RC1_F132
RC1_F133,3131,,1,RC1_F133
RC1_F134,3132,,1,RC1_F134
RC1_F135,3133,,1,RC1_F135
RC1_F136,3134,,1,RC1_F136
RC1_F137,3135,,1,RC1_F137
RC1_F138,3136,,1,RC1_F138
RC1_F139,3137,,1,RC1_F139
RC1_F140,3138,,1,RC1_F140
RC1_F141,3139,,1,RC1_F141
RC1_F142,3140,,1,RC1_F142
RC1_M66,3141,,1,RC1_M66
RC1_M67,3142,,1,RC1_M67
RC1_M68,3143,,1,RC1_M68
RC1_M3671,3144,,1,RC1_M3671
RC1_M2501,3145,,1,RC1_M2501
RC1_M2502,3146,,1,RC1_M2502
RC1_M2503,3147,,1,RC1_M2503
RC1_M2504,3148,,1,RC1_M2504
RC1_M2505,3149,,1,RC1_M2505
RC1_M2506,3150,,1,RC1_M2506
RC1_M2507,3151,,1,RC1_M2507
RC1_M2508,3152,,1,RC1_M2508
RC1_M2509,3153,,1,RC1_M2509
RC1_M2510,3154,,1,RC1_M2510
RC1_M2511,3155,,1,RC1_M2511
RC1_M2512,3156,,1,RC1_M2512
RC1_M2513,3157,,1,RC1_M2513
RC1_M2514,3158,,1,RC1_M2514
RC1_M2515,3159,,1,RC1_M2515
RC1_M2516,3160,,1,RC1_M2516
RC1_M2517,3161,,1,RC1_M2517
RC1_M2518,3162,,1,RC1_M2518
RC1_M2519,3163,,1,RC1_M2519
RC1_M2520,3164,,1,RC1_M2520
RC1_M2521,3165,,1,RC1_M2521
RC1_M2522,3166,,1,RC1_M2522
RC1_M2523,3167,,1,RC1_M2523
RC1_M2524,3168,,1,RC1_M2524
RC1_M2525,3169,,1,RC1_M2525
RC1_M2526,3170,,1,RC1_M2526
RC1_M2527,3171,,1,RC1_M2527
RC1_M2528,3172,,1,RC1_M2528
RC1_M2529,3173,,1,RC1_M2529
RC1_M2530,3174,,1,RC1_M2530
RC1_M2531,3175,,1,RC1_M2531
RC1_M2532,3176,,1,RC1_M2532
RC1_M2533,3177,,1,RC1_M2533
RC1_M2534,3178,,1,RC1_M2534
RC1_M2535,3179,,1,RC1_M2535
RC1_M2536,3180,,1,RC1_M2536
RC1_M2537,3181,,1,RC1_M2537
RC1_M2538,3182,,1,RC1_M2538
RC1_M2539,3183,,1,RC1_M2539
RC1_M2540,3184,,1,RC1_M2540
RC1_M2541,3185,,1,RC1_M2541
RC1_M2542,3186,,1,RC1_M2542
RC1_M2543,3187,,1,RC1_M2543
RC1_M2544,3188,,1,RC1_M2544
RC1_M2545,3189,,1,RC1_M2545
RC1_M2546,3190,,1,RC1_M2546
RC1_M2547,3191,,1,RC1_M2547
RC1_M2548,3192,,1,RC1_M2548
RC1_M2549,3193,,1,RC1_M2549
RC1_M2550,3194,,1,RC1_M2550
RC1_M2551,3195,,1,RC1_M2551
RC1_M2552,3196,,1,RC1_M2552
RC1_M2553,3197,,1,RC1_M2553
RC1_M2554,3198,,1,RC1_M2554
RC1_M2555,3199,,1,RC1_M2555
RC1_M2556,3200,,1,RC1_M2556
RC1_M2559,3201,,1,RC1_M2559
RC1_M2560,3202,,1,RC1_M2560
RC1_M2561,3203,,1,RC1_M2561
RC1_M2562,3204,,1,RC1_M2562
RC1_M2563,3205,,1,RC1_M2563
RC1_M2564,3206,,1,RC1_M2564
RC1_M2565,3207,,1,RC1_M2565
RC1_M2566,3208,,1,RC1_M2566
RC1_M2567,3209,,1,RC1_M2567
RC1_M2568,3210,,1,RC1_M2568
RC1_M2570,3211,,1,RC1_M2570
RC1_M2571,3212,,1,RC1_M2571
RC1_M2572,3213,,1,RC1_M2572
RC1_M2573,3214,,1,RC1_M2573
RC1_M2574,3215,,1,RC1_M2574
RC1_M2575,3216,,1,RC1_M2575
RC1_M2580,3217,,1,RC1_M2580
RC1_M2581,3218,,1,RC1_M2581
RC1_M2582,3219,,1,RC1_M2582
RC1_M2583,3220,,1,RC1_M2583
RC1_M2584,3221,,1,RC1_M2584
RC1_M2585,3222,,1,RC1_M2585
RC1_M2590,3223,,1,RC1_M2590
RC1_M2591,3224,,1,RC1_M2591
RC1_M2592,3225,,1,RC1_M2592
RC1_M2593,3226,,1,RC1_M2593
RC2_F0,4000,,1,RC2_F0
RC2_F1,4001,,1,RC2_F1
RC2_F2,4002,,1,RC2_F2
RC2_F3,4003,,1,RC2_F3
RC2_F4,4004,,1,RC2_F4
RC2_F5,4005,,1,RC2_F5
RC2_F6,4006,,1,RC2_F6
RC2_F7,4007,,1,RC2_F7
RC2_F8,4008,,1,RC2_F8
RC2_F9,4009,,1,RC2_F9
RC2_F10,4010,,1,RC2_F10
RC2_F11,4011,,1,RC2_F11
RC2_F12,4012,,1,RC2_F12
RC2_F13,4013,,1,RC2_F13
RC2_F14,4014,,1,RC2_F14
RC2_F15,4015,,1,RC2_F15
RC2_F16,4016,,1,RC2_F16
RC2_F17,4017,,1,RC2_F17
RC2_F18,4018,,1,RC2_F18
RC2_F19,4019,,1,RC2_F19
RC2_F20,4020,,1,RC2_F20
RC2_F21,4021,,1,RC2_F21
RC2_F22,4022,,1,RC2_F22
RC2_F23,4023,,1,RC2_F23
RC2_F24,4024,,1,RC2_F24
RC2_F25,4025,,1,RC2_F25
RC2_F26,4026,,1,RC2_F26
RC2_F27,4027,,1,RC2_F27
RC2_F28,4028,,1,RC2_F28
RC2_F29,4029,,1,RC2_F29
RC2_F30,4030,,1,RC2_F30
RC2_F31,4031,,1,RC2_F31
RC2_F32,4032,,1,RC2_F32
RC2_F33,4033,,1,RC2_F33
RC2_F34,4034,,1,RC2_F34
RC2_F35,4035,,1,RC2_F35
RC2_F36,4036,,1,RC2_F36
RC2_F37,4037,,1,RC2_F37
RC2_F38,4038,,1,RC2_F38
RC2_F39,4039,,1,RC2_F39
RC2_F40,4040,,1,RC2_F40
RC2_F41,4041,,1,RC2_F41
RC2_F42,4042,,1,RC2_F42
RC2_F43,4043,,1,RC2_F43
RC2_F44,4044,,1,RC2_F44
RC2_F45,4045,,1,RC2_F45
RC2_F46,4046,,1,RC2_F46
RC2_F47,4047,,1,RC2_F47
RC2_F48,4048,,1,RC2_F48
RC2_F49,4049,,1,RC2_F49
RC2_F50,4050,,1,RC2_F50
RC2_F51,4051,,1,RC2_F51
RC2_F52,4052,,1,RC2_F52
RC2_F53,4053,,1,RC2_F53
RC2_F54,4054,,1,RC2_F54
RC2_F55,4055,,1,RC2_F55
RC2_F56,4056,,1,RC2_F56
RC2_F57,4057,,1,RC2_F57
RC2_F58,4058,,1,RC2_F58
RC2_F59,4059,,1,RC2_F59
RC2_F60,4060,,1,RC2_F60
RC2_F61,4061,,1,RC2_F61
RC2_F62,4062,,1,RC2_F62
RC2_F63,4063,,1,RC2_F63
RC2_F64,4064,,1,RC2_F64
RC2_F65,4065,,1,RC2_F65
RC2_F66,4066,,1,RC2_F66
RC2_F67,4067,,1,RC2_F67
RC2_F68,4068,,1,RC2_F68
RC2_F69,4069,,1,RC2_F69
RC2_F70,4070,,1,RC2_F70
RC2_F71,4071,,1,RC2_F71
RC2_F72,4072,,1,RC2_F72
RC2_F73,4073,,1,RC2_F73
RC2_F74,4074,,1,RC2_F74
RC2_F75,4075,,1,RC2_F75
RC2_F76,4076,,1,RC2_F76
RC2_F77,4077,,1,RC2_F77
RC2_F78,4078,,1,RC2_F78
RC2_F79,4079,,1,RC2_F79
RC2_F80,4080,,1,RC2_F80
RC2_F81,4081,,1,RC2_F81
RC2_F82,4082,,1,RC2_F82
RC2_F83,4083,,1,RC2_F83
RC2_F84,4084,,1,RC2_F84
RC2_F85,4085,,1,RC2_F85
RC2_F86,4086,,1,RC2_F86
RC2_F87,4087,,1,RC2_F87
RC2_F88,4088,,1,RC2_F88
RC2_F89,4089,,1,RC2_F89
RC2_F90,4090,,1,RC2_F90
RC2_F91,4091,,1,RC2_F91
RC2_F92,4092,,1,RC2_F92
RC2_F93,4093,,1,RC2_F93
RC2_F94,4094,,1,RC2_F94
RC2_F95,4095,,1,RC2_F95
RC2_F96,4096,,1,RC2_F96
RC2_F97,4097,,1,RC2_F97
RC2_F98,4098,,1,RC2_F98
RC2_F99,4099,,1,RC2_F99
RC2_F100,4100,,1,RC2_F100
RC2_F101,4101,,1,RC2_F101
RC2_F102,4102,,1,RC2_F102
RC2_F103,4103,,1,RC2_F103
RC2_F104,4104,,1,RC2_F104
RC2_F105,4105,,1,RC2_F105
RC2_F106,4106,,1,RC2_F106
RC2_F107,4107,,1,RC2_F107
RC2_F108,4108,,1,RC2_F108
RC2_F109,4109,,1,RC2_F109
RC2_F110,4110,,1,RC2_F110
RC2_F111,4111,,1,RC2_F111
RC2_F112,4112,,1,RC2_F112
RC2_F113,4113,,1,RC2_F113
RC2_F114,4114,,1,RC2_F114
RC2_F115,4115,,1,RC2_F115
RC2_F116,4116,,1,RC2_F116
RC2_F117,4117,,1,RC2_F117
RC2_F118,4118,,1,RC2_F118
RC2_F119,4119,,1,RC2_F119
RC2_F120,4120,,1,RC2_F120
RC2_F121,4121,,1,RC2_F121
RC2_F122,4122,,1,RC2_F122
RC2_F123,4123,,1,RC2_F123
RC2_F124,4124,,1,RC2_F124
RC2_F125,4125,,1,RC2_F125
RC2_F126,4126,,1,RC2_F126
RC2_F128,4127,,1,RC2_F128
RC2_F129,4128,,1,RC2_F129
RC2_F131,4129,,1,RC2_F131
RC2_F132,4130,,1,RC2_F132
RC2_F133,4131,,1,RC2_F133
RC2_F134,4132,,1,RC2_F134
RC2_F135,4133,,1,RC2_F135
RC2_F136,4134,,1,RC2_F136
RC2_F137,4135,,1,RC2_F137
RC2_F138,4136,,1,RC2_F138
RC2_F139,4137,,1,RC2_F139
RC2_F140,4138,,1,RC2_F140
RC2_F141,4139,,1,RC2_F141
RC2_F142,4140,,1,RC2_F142
RC2_M66,4141,,1,RC2_M66
RC2_M67,4142,,1,RC2_M67
RC2_M68,4143,,1,RC2_M68
RC2_M3671,4144,,1,RC2_M3671
RC2_M2501,4145,,1,RC2_M2501
RC2_M2502,4146,,1,RC2_M2502
RC2_M2503,4147,,1,RC2_M2503
RC2_M2504,4148,,1,RC2_M2504
RC2_M2505,4149,,1,RC2_M2505
RC2_M2506,4150,,1,RC2_M2506
RC2_M2507,4151,,1,RC2_M2507
RC2_M2508,4152,,1,RC2_M2508
RC2_M2509,4153,,1,RC2_M2509
RC2_M2510,4154,,1,RC2_M2510
RC2_M2511,4155,,1,RC2_M2511
RC2_M2512,4156,,1,RC2_M2512
RC2_M2513,4157,,1,RC2_M2513
RC2_M2514,4158,,1,RC2_M2514
RC2_M2515,4159,,1,RC2_M2515
RC2_M2516,4160,,1,RC2_M2516
RC2_M2517,4161,,1,RC2_M2517
RC2_M2518,4162,,1,RC2_M2518
RC2_M2519,4163,,1,RC2_M2519
RC2_M2520,4164,,1,RC2_M2520
RC2_M2521,4165,,1,RC2_M2521
RC2_M2522,4166,,1,RC2_M2522
RC2_M2523,4167,,1,RC2_M2523
RC2_M2524,4168,,1,RC2_M2524
RC2_M2525,4169,,1,RC2_M2525
RC2_M2526,4170,,1,RC2_M2526
RC2_M2527,4171,,1,RC2_M2527
RC2_M2528,4172,,1,RC2_M2528
RC2_M2529,4173,,1,RC2_M2529
RC2_M2530,4174,,1,RC2_M2530
RC2_M2531,4175,,1,RC2_M2531
RC2_M2532,4176,,1,RC2_M2532
RC2_M2533,4177,,1,RC2_M2533
RC2_M2534,4178,,1,RC2_M2534
RC2_M2535,4179,,1,RC2_M2535
RC2_M2536,4180,,1,RC2_M2536
RC2_M2537,4181,,1,RC2_M2537
RC2_M2538,4182,,1,RC2_M2538
RC2_M2539,4183,,1,RC2_M2539
RC2_M2540,4184,,1,RC2_M2540
RC2_M2541,4185,,1,RC2_M2541
RC2_M2542,4186,,1,RC2_M2542
RC2_M2543,4187,,1,RC2_M2543
RC2_M2544,4188,,1,RC2_M2544
RC2_M2545,4189,,1,RC2_M2545
RC2_M2546,4190,,1,RC2_M2546
RC2_M2547,4191,,1,RC2_M2547
RC2_M2548,4192,,1,RC2_M2548
RC2_M2549,4193,,1,RC2_M2549
RC2_M2550,4194,,1,RC2_M2550
RC2_M2551,4195,,1,RC2_M2551
RC2_M2552,4196,,1,RC2_M2552
RC2_M2553,4197,,1,RC2_M2553
RC2_M2554,4198,,1,RC2_M2554
RC2_M2555,4199,,1,RC2_M2555
RC2_M2556,4200,,1,RC2_M2556
RC2_M2559,4201,,1,RC2_M2559
RC2_M2560,4202,,1,RC2_M2560
RC2_M2561,4203,,1,RC2_M2561
RC2_M2562,4204,,1,RC2_M2562
RC2_M2563,4205,,1,RC2_M2563
RC2_M2564,4206,,1,RC2_M2564
RC2_M2565,4207,,1,RC2_M2565
RC2_M2566,4208,,1,RC2_M2566
RC2_M2567,4209,,1,RC2_M2567
RC2_M2568,4210,,1,RC2_M2568
RC2_M2570,4211,,1,RC2_M2570
RC2_M2571,4212,,1,RC2_M2571
RC2_M2572,4213,,1,RC2_M2572
RC2_M2573,4214,,1,RC2_M2573
RC2_M2574,4215,,1,RC2_M2574
RC2_M2575,4216,,1,RC2_M2575
RC2_M2580,4217,,1,RC2_M2580
RC2_M2581,4218,,1,RC2_M2581
RC2_M2582,4219,,1,RC2_M2582
RC2_M2583,4220,,1,RC2_M2583
RC2_M2584,4221,,1,RC2_M2584
RC2_M2585,4222,,1,RC2_M2585
RC2_M2590,4223,,1,RC2_M2590
RC2_M2591,4224,,1,RC2_M2591
RC2_M2592,4225,,1,RC2_M2592
RC2_M2593,4226,,1,RC2_M2593
RC3_F0,5000,,1,RC3_F0
RC3_F1,5001,,1,RC3_F1
RC3_F2,5002,,1,RC3_F2
RC3_F3,5003,,1,RC3_F3
RC3_F4,5004,,1,RC3_F4
RC3_F5,5005,,1,RC3_F5
RC3_F6,5006,,1,RC3_F6
RC3_F7,5007,,1,RC3_F7
RC3_F8,5008,,1,RC3_F8
RC3_F9,5009,,1,RC3_F9
RC3_F10,5010,,1,RC3_F10
RC3_F11,5011,,1,RC3_F11
RC3_F12,5012,,1,RC3_F12
RC3_F13,5013,,1,RC3_F13
RC3_F14,5014,,1,RC3_F14
RC3_F15,5015,,1,RC3_F15
RC3_F16,5016,,1,RC3_F16
RC3_F17,5017,,1,RC3_F17
RC3_F18,5018,,1,RC3_F18
RC3_F19,5019,,1,RC3_F19
RC3_F20,5020,,1,RC3_F20
RC3_F21,5021,,1,RC3_F21
RC3_F22,5022,,1,RC3_F22
RC3_F23,5023,,1,RC3_F23
RC3_F24,5024,,1,RC3_F24
RC3_F25,5025,,1,RC3_F25
RC3_F26,5026,,1,RC3_F26
RC3_F27,5027,,1,RC3_F27
RC3_F28,5028,,1,RC3_F28
RC3_F29,5029,,1,RC3_F29
RC3_F30,5030,,1,RC3_F30
RC3_F31,5031,,1,RC3_F31
RC3_F32,5032,,1,RC3_F32
RC3_F33,5033,,1,RC3_F33
RC3_F34,5034,,1,RC3_F34
RC3_F35,5035,,1,RC3_F35
RC3_F36,5036,,1,RC3_F36
RC3_F37,5037,,1,RC3_F37
RC3_F38,5038,,1,RC3_F38
RC3_F39,5039,,1,RC3_F39
RC3_F40,5040,,1,RC3_F40
RC3_F41,5041,,1,RC3_F41
RC3_F42,5042,,1,RC3_F42
RC3_F43,5043,,1,RC3_F43
RC3_F44,5044,,1,RC3_F44
RC3_F45,5045,,1,RC3_F45
RC3_F46,5046,,1,RC3_F46
RC3_F47,5047,,1,RC3_F47
RC3_F48,5048,,1,RC3_F48
RC3_F49,5049,,1,RC3_F49
RC3_F50,5050,,1,RC3_F50
RC3_F51,5051,,1,RC3_F51
RC3_F52,5052,,1,RC3_F52
RC3_F53,5053,,1,RC3_F53
RC3_F54,5054,,1,RC3_F54
RC3_F55,5055,,1,RC3_F55
RC3_F56,5056,,1,RC3_F56
RC3_F57,5057,,1,RC3_F57
RC3_F58,5058,,1,RC3_F58
RC3_F59,5059,,1,RC3_F59
RC3_F60,5060,,1,RC3_F60
RC3_F61,5061,,1,RC3_F61
RC3_F62,5062,,1,RC3_F62
RC3_F63,5063,,1,RC3_F63
RC3_F64,5064,,1,RC3_F64
RC3_F65,5065,,1,RC3_F65
RC3_F66,5066,,1,RC3_F66
RC3_F67,5067,,1,RC3_F67
RC3_F68,5068,,1,RC3_F68
RC3_F69,5069,,1,RC3_F69
RC3_F70,5070,,1,RC3_F70
RC3_F71,5071,,1,RC3_F71
RC3_F72,5072,,1,RC3_F72
RC3_F73,5073,,1,RC3_F73
RC3_F74,5074,,1,RC3_F74
RC3_F75,5075,,1,RC3_F75
RC3_F76,5076,,1,RC3_F76
RC3_F77,5077,,1,RC3_F77
RC3_F78,5078,,1,RC3_F78
RC3_F79,5079,,1,RC3_F79
RC3_F80,5080,,1,RC3_F80
RC3_F81,5081,,1,RC3_F81
RC3_F82,5082,,1,RC3_F82
RC3_F83,5083,,1,RC3_F83
RC3_F84,5084,,1,RC3_F84
RC3_F85,5085,,1,RC3_F85
RC3_F86,5086,,1,RC3_F86
RC3_F87,5087,,1,RC3_F87
RC3_F88,5088,,1,RC3_F88
RC3_F89,5089,,1,RC3_F89
RC3_F90,5090,,1,RC3_F90
RC3_F91,5091,,1,RC3_F91
RC3_F92,5092,,1,RC3_F92
RC3_F93,5093,,1,RC3_F93
RC3_F94,5094,,1,RC3_F94
RC3_F95,5095,,1,RC3_F95
RC3_F96,5096,,1,RC3_F96
RC3_F97,5097,,1,RC3_F97
RC3_F98,5098,,1,RC3_F98
RC3_F99,5099,,1,RC3_F99
RC3_F100,5100,,1,RC3_F100
RC3_F101,5101,,1,RC3_F101
RC3_F102,5102,,1,RC3_F102
RC3_F103,5103,,1,RC3_F103
RC3_F104,5104,,1,RC3_F104
RC3_F105,5105,,1,RC3_F105
RC3_F106,5106,,1,RC3_F106
RC3_F107,5107,,1,RC3_F107
RC3_F108,5108,,1,RC3_F108
RC3_F109,5109,,1,RC3_F109
RC3_F110,5110,,1,RC3_F110
RC3_F111,5111,,1,RC3_F111
RC3_F112,5112,,1,RC3_F112
RC3_F113,5113,,1,RC3_F113
RC3_F114,5114,,1,RC3_F114
RC3_F115,5115,,1,RC3_F115
RC3_F116,5116,,1,RC3_F116
RC3_F117,5117,,1,RC3_F117
RC3_F118,5118,,1,RC3_F118
RC3_F119,5119,,1,RC3_F119
RC3_F120,5120,,1,RC3_F120
RC3_F121,5121,,1,RC3_F121
RC3_F122,5122,,1,RC3_F122
RC3_F123,5123,,1,RC3_F123
RC3_F124,5124,,1,RC3_F124
RC3_F125,5125,,1,RC3_F125
RC3_F126,5126,,1,RC3_F126
RC3_F128,5127,,1,RC3_F128
RC3_F129,5128,,1,RC3_F129
RC3_F130,5129,,1,RC3_F130
RC3_F131,5130,,1,RC3_F131
RC3_F132,5131,,1,RC3_F132
RC3_F133,5132,,1,RC3_F133
RC3_F134,5133,,1,RC3_F134
RC3_F135,5134,,1,RC3_F135
RC3_F136,5135,,1,RC3_F136
RC3_F137,5136,,1,RC3_F137
RC3_F138,5137,,1,RC3_F138
RC3_F139,5138,,1,RC3_F139
RC3_F140,5139,,1,RC3_F140
RC3_F141,5140,,1,RC3_F141
RC3_F142,5141,,1,RC3_F142
RC3_F149,5142,,1,RC3_F149
RC3_F150,5143,,1,RC3_F150
RC3_F151,5144,,1,RC3_F151
RC3_F152,5145,,1,RC3_F152
RC3_M2500,5146,,1,RC3_M2500
RC3_M2501,5147,,1,RC3_M2501
RC3_M2502,5148,,1,RC3_M2502
RC3_M2503,5149,,1,RC3_M2503
RC3_M2504,5150,,1,RC3_M2504
RC3_M2505,5151,,1,RC3_M2505
RC3_M2506,5152,,1,RC3_M2506
RC3_M2507,5153,,1,RC3_M2507
RC3_M2508,5154,,1,RC3_M2508
RC3_M2509,5155,,1,RC3_M2509
RC3_M2510,5156,,1,RC3_M2510
RC3_M2511,5157,,1,RC3_M2511
RC3_M2512,5158,,1,RC3_M2512
RC3_M2513,5159,,1,RC3_M2513
RC3_M2514,5160,,1,RC3_M2514
RC3_M2515,5161,,1,RC3_M2515
RC3_M2516,5162,,1,RC3_M2516
RC3_M2517,5163,,1,RC3_M2517
RC3_M2518,5164,,1,RC3_M2518
RC3_M2519,5165,,1,RC3_M2519
RC3_M2520,5166,,1,RC3_M2520
RC3_M2521,5167,,1,RC3_M2521
RC3_M2522,5168,,1,RC3_M2522
RC3_M2523,5169,,1,RC3_M2523
RC3_M2524,5170,,1,RC3_M2524
RC3_M2525,5171,,1,RC3_M2525
RC3_M2526,5172,,1,RC3_M2526
RC3_M2527,5173,,1,RC3_M2527
RC3_M2528,5174,,1,RC3_M2528
RC3_M2529,5175,,1,RC3_M2529
RC3_M2530,5176,,1,RC3_M2530
RC3_M2531,5177,,1,RC3_M2531
RC3_M2532,5178,,1,RC3_M2532
RC3_M2533,5179,,1,RC3_M2533
RC3_M2535,5180,,1,RC3_M2535
RC3_M2536,5181,,1,RC3_M2536
RC3_M2537,5182,,1,RC3_M2537
RC3_M2538,5183,,1,RC3_M2538
RC3_M2539,5184,,1,RC3_M2539
RC3_M2540,5185,,1,RC3_M2540
RC3_M2541,5186,,1,RC3_M2541
RC3_M2542,5187,,1,RC3_M2542
RC3_M2543,5188,,1,RC3_M2543
RC3_M2544,5189,,1,RC3_M2544
RC3_M2545,5190,,1,RC3_M2545
RC3_M2546,5191,,1,RC3_M2546
RC3_M2547,5192,,1,RC3_M2547
RC3_M2548,5193,,1,RC3_M2548
RC3_M2549,5194,,1,RC3_M2549
RC3_M2550,5195,,1,RC3_M2550
RC3_M2551,5196,,1,RC3_M2551
RC3_M2552,5197,,1,RC3_M2552
RC3_M2553,5198,,1,RC3_M2553
RC3_M2554,5199,,1,RC3_M2554
RC3_M2555,5200,,1,RC3_M2555
RC3_M2556,5201,,1,RC3_M2556
RC3_M2557,5202,,1,RC3_M2557
RC3_M2558,5203,,1,RC3_M2558
RC3_M2559,5204,,1,RC3_M2559
RC3_M2560,5205,,1,RC3_M2560
RC3_M2561,5206,,1,RC3_M2561
RC3_M2562,5207,,1,RC3_M2562
RC3_M2563,5208,,1,RC3_M2563
RC3_M2564,5209,,1,RC3_M2564
RC3_M2565,5210,,1,RC3_M2565
RC3_M2566,5211,,1,RC3_M2566
RC3_M2567,5212,,1,RC3_M2567
RC3_M2568,5213,,1,RC3_M2568
RC3_M2569,5214,,1,RC3_M2569
RC3_M2570,5215,,1,RC3_M2570
RC3_M2571,5216,,1,RC3_M2571
RC3_M2572,5217,,1,RC3_M2572
RC3_M2573,5218,,1,RC3_M2573
RC3_M2576,5219,,1,RC3_M2576
RC3_M2577,5220,,1,RC3_M2577
RC3_M2580,5221,,1,RC3_M2580
RC3_M2581,5222,,1,RC3_M2581
RC3_M2582,5223,,1,RC3_M2582
RC3_M2583,5224,,1,RC3_M2583
RC3_M2584,5225,,1,RC3_M2584
RC3_M2585,5226,,1,RC3_M2585
RC3_M2586,5227,,1,RC3_M2586
RC3_M2587,5228,,1,RC3_M2587
RC3_M2588,5229,,1,RC3_M2588
RC3_M2589,5230,,1,RC3_M2589
RC3_M2590,5231,,1,RC3_M2590
RC3_M2591,5232,,1,RC3_M2591
RC3_M2592,5233,,1,RC3_M2592
RC3_M2593,5234,,1,RC3_M2593
RC3_M2595,5235,,1,RC3_M2595
RC3_M2596,5236,,1,RC3_M2596
RC3_M2599,5237,,1,RC3_M2599
RC3_M2710,5238,,1,RC3_M2710
RC3_M2711,5239,,1,RC3_M2711
RC3_M2712,5240,,1,RC3_M2712
RC3_M2713,5241,,1,RC3_M2713
RC3_M2714,5242,,1,RC3_M2714
RC3_M2715,5243,,1,RC3_M2715
RC3_M2716,5244,,1,RC3_M2716
RC3_M2717,5245,,1,RC3_M2717
